{
  "L2": {
    "N": {
      "5": {
        "sr": 96.66666666666667,
        "avg_steps": 34.724137931034484,
        "avg_calls": 0.8333333333333334
      },
      "10": {
        "sr": 100.0,
        "avg_steps": 35.833333333333336,
        "avg_calls": 0.5
      },
      "15": {
        "sr": 96.66666666666667,
        "avg_steps": 40.241379310344826,
        "avg_calls": 0.8333333333333334
      },
      "20": {
        "sr": 100.0,
        "avg_steps": 40.833333333333336,
        "avg_calls": 0.5
      },
      "30": {
        "sr": 100.0,
        "avg_steps": 45.833333333333336,
        "avg_calls": 0.5
      }
    },
    "D": {
      "0.5": {
        "sr": 96.66666666666667,
        "avg_steps": 41.172413793103445,
        "avg_calls": 0.8666666666666667
      },
      "1.0": {
        "sr": 96.66666666666667,
        "avg_steps": 41.172413793103445,
        "avg_calls": 0.8666666666666667
      },
      "1.5": {
        "sr": 96.66666666666667,
        "avg_steps": 40.241379310344826,
        "avg_calls": 0.8333333333333334
      },
      "2.0": {
        "sr": 96.66666666666667,
        "avg_steps": 40.241379310344826,
        "avg_calls": 0.8333333333333334
      },
      "3.0": {
        "sr": 100.0,
        "avg_steps": 36.9,
        "avg_calls": 0.4666666666666667
      }
    }
  },
  "L5": {
    "N": {
      "5": {
        "sr": 86.66666666666667,
        "avg_steps": 62.76923076923077,
        "avg_calls": 1.8333333333333333
      },
      "10": {
        "sr": 86.66666666666667,
        "avg_steps": 70.84615384615384,
        "avg_calls": 1.7333333333333334
      },
      "15": {
        "sr": 86.66666666666667,
        "avg_steps": 83.8076923076923,
        "avg_calls": 2.033333333333333
      },
      "20": {
        "sr": 86.66666666666667,
        "avg_steps": 87.65384615384616,
        "avg_calls": 1.7333333333333334
      },
      "30": {
        "sr": 86.66666666666667,
        "avg_steps": 113.3076923076923,
        "avg_calls": 1.9666666666666666
      }
    },
    "D": {
      "0.5": {
        "sr": 76.66666666666667,
        "avg_steps": 68.73913043478261,
        "avg_calls": 1.3333333333333333
      },
      "1.0": {
        "sr": 76.66666666666667,
        "avg_steps": 68.73913043478261,
        "avg_calls": 1.3333333333333333
      },
      "1.5": {
        "sr": 86.66666666666667,
        "avg_steps": 83.8076923076923,
        "avg_calls": 2.033333333333333
      },
      "2.0": {
        "sr": 86.66666666666667,
        "avg_steps": 83.8076923076923,
        "avg_calls": 2.033333333333333
      },
      "3.0": {
        "sr": 86.66666666666667,
        "avg_steps": 82.26923076923077,
        "avg_calls": 2.033333333333333
      }
    }
  }
}