{
  "L2": {
    "N": {
      "5": {
        "sr": 100.0,
        "avg_steps": 31.666666666666668,
        "avg_calls": 0.4666666666666667
      },
      "10": {
        "sr": 100.0,
        "avg_steps": 34.4,
        "avg_calls": 0.4666666666666667
      },
      "15": {
        "sr": 100.0,
        "avg_steps": 36.53333333333333,
        "avg_calls": 0.4666666666666667
      },
      "20": {
        "sr": 100.0,
        "avg_steps": 41.266666666666666,
        "avg_calls": 0.5333333333333333
      },
      "30": {
        "sr": 100.0,
        "avg_steps": 43.733333333333334,
        "avg_calls": 0.4666666666666667
      }
    },
    "D": {
      "0.5": {
        "sr": 100.0,
        "avg_steps": 34.0,
        "avg_calls": 0.3333333333333333
      },
      "1.0": {
        "sr": 100.0,
        "avg_steps": 34.0,
        "avg_calls": 0.3333333333333333
      },
      "1.5": {
        "sr": 100.0,
        "avg_steps": 36.53333333333333,
        "avg_calls": 0.4666666666666667
      },
      "2.0": {
        "sr": 100.0,
        "avg_steps": 36.333333333333336,
        "avg_calls": 0.4666666666666667
      },
      "3.0": {
        "sr": 100.0,
        "avg_steps": 35.86666666666667,
        "avg_calls": 0.4666666666666667
      }
    }
  },
  "L5": {
    "N": {
      "5": {
        "sr": 86.66666666666667,
        "avg_steps": 66.23076923076923,
        "avg_calls": 1.8
      },
      "10": {
        "sr": 86.66666666666667,
        "avg_steps": 74.0,
        "avg_calls": 1.6666666666666667
      },
      "15": {
        "sr": 86.66666666666667,
        "avg_steps": 92.46153846153847,
        "avg_calls": 2.1333333333333333
      },
      "20": {
        "sr": 86.66666666666667,
        "avg_steps": 91.61538461538461,
        "avg_calls": 1.6666666666666667
      },
      "30": {
        "sr": 86.66666666666667,
        "avg_steps": 127.53846153846153,
        "avg_calls": 2.1333333333333333
      }
    },
    "D": {
      "0.5": {
        "sr": 73.33333333333333,
        "avg_steps": 68.72727272727273,
        "avg_calls": 1.0666666666666667
      },
      "1.0": {
        "sr": 73.33333333333333,
        "avg_steps": 68.72727272727273,
        "avg_calls": 1.0666666666666667
      },
      "1.5": {
        "sr": 86.66666666666667,
        "avg_steps": 92.46153846153847,
        "avg_calls": 2.1333333333333333
      },
      "2.0": {
        "sr": 86.66666666666667,
        "avg_steps": 92.46153846153847,
        "avg_calls": 2.1333333333333333
      },
      "3.0": {
        "sr": 86.66666666666667,
        "avg_steps": 92.46153846153847,
        "avg_calls": 2.2
      }
    }
  }
}