{
  "ablation_N": {
    "5": {
      "sr": 86.66666666666667,
      "avg_steps": 66.23076923076923,
      "avg_calls": 1.8,
      "raw": {
        "success": 13,
        "steps": [
          109,
          50,
          83,
          84,
          31,
          86,
          55,
          26,
          68,
          95,
          32,
          75,
          67
        ],
        "llm_calls": [
          7,
          0,
          4,
          1,
          0,
          2,
          0,
          1,
          0,
          3,
          7,
          0,
          1,
          1,
          0
        ]
      }
    },
    "10": {
      "sr": 86.66666666666667,
      "avg_steps": 74.0,
      "avg_calls": 1.6666666666666667,
      "raw": {
        "success": 13,
        "steps": [
          119,
          50,
          178,
          89,
          31,
          74,
          55,
          26,
          83,
          82,
          32,
          76,
          67
        ],
        "llm_calls": [
          6,
          0,
          9,
          1,
          0,
          1,
          0,
          1,
          0,
          3,
          3,
          0,
          1,
          0,
          0
        ]
      }
    },
    "15": {
      "sr": 86.66666666666667,
      "avg_steps": 92.46153846153847,
      "avg_calls": 2.1333333333333333,
      "raw": {
        "success": 13,
        "steps": [
          279,
          50,
          123,
          94,
          31,
          106,
          55,
          26,
          98,
          165,
          32,
          76,
          67
        ],
        "llm_calls": [
          13,
          0,
          4,
          1,
          0,
          2,
          0,
          1,
          0,
          3,
          7,
          0,
          1,
          0,
          0
        ]
      }
    },
    "20": {
      "sr": 86.66666666666667,
      "avg_steps": 91.61538461538461,
      "avg_calls": 1.6666666666666667,
      "raw": {
        "success": 13,
        "steps": [
          178,
          50,
          268,
          99,
          31,
          84,
          55,
          26,
          113,
          112,
          32,
          76,
          67
        ],
        "llm_calls": [
          6,
          0,
          9,
          1,
          0,
          1,
          0,
          1,
          0,
          3,
          3,
          0,
          1,
          0,
          0
        ]
      }
    },
    "30": {
      "sr": 86.66666666666667,
      "avg_steps": 127.53846153846153,
      "avg_calls": 2.1333333333333333,
      "raw": {
        "success": 13,
        "steps": [
          475,
          50,
          358,
          109,
          31,
          94,
          55,
          26,
          143,
          142,
          32,
          76,
          67
        ],
        "llm_calls": [
          13,
          0,
          9,
          1,
          0,
          1,
          0,
          1,
          0,
          3,
          3,
          0,
          1,
          0,
          0
        ]
      }
    }
  },
  "ablation_D": {
    "0.5": {
      "sr": 73.33333333333333,
      "avg_steps": 68.72727272727273,
      "avg_calls": 1.0666666666666667,
      "raw": {
        "success": 11,
        "steps": [
          50,
          125,
          95,
          31,
          55,
          26,
          99,
          100,
          32,
          76,
          67
        ],
        "llm_calls": [
          2,
          0,
          4,
          1,
          0,
          1,
          0,
          1,
          0,
          3,
          3,
          0,
          1,
          0,
          0
        ]
      }
    },
    "1.0": {
      "sr": 73.33333333333333,
      "avg_steps": 68.72727272727273,
      "avg_calls": 1.0666666666666667,
      "raw": {
        "success": 11,
        "steps": [
          50,
          125,
          95,
          31,
          55,
          26,
          99,
          100,
          32,
          76,
          67
        ],
        "llm_calls": [
          2,
          0,
          4,
          1,
          0,
          1,
          0,
          1,
          0,
          3,
          3,
          0,
          1,
          0,
          0
        ]
      }
    },
    "1.5": {
      "sr": 86.66666666666667,
      "avg_steps": 92.46153846153847,
      "avg_calls": 2.1333333333333333,
      "raw": {
        "success": 13,
        "steps": [
          279,
          50,
          123,
          94,
          31,
          106,
          55,
          26,
          98,
          165,
          32,
          76,
          67
        ],
        "llm_calls": [
          13,
          0,
          4,
          1,
          0,
          2,
          0,
          1,
          0,
          3,
          7,
          0,
          1,
          0,
          0
        ]
      }
    },
    "2.0": {
      "sr": 86.66666666666667,
      "avg_steps": 92.46153846153847,
      "avg_calls": 2.1333333333333333,
      "raw": {
        "success": 13,
        "steps": [
          279,
          50,
          123,
          94,
          31,
          106,
          55,
          26,
          98,
          165,
          32,
          76,
          67
        ],
        "llm_calls": [
          13,
          0,
          4,
          1,
          0,
          2,
          0,
          1,
          0,
          3,
          7,
          0,
          1,
          0,
          0
        ]
      }
    },
    "3.0": {
      "sr": 86.66666666666667,
      "avg_steps": 92.46153846153847,
      "avg_calls": 2.2,
      "raw": {
        "success": 13,
        "steps": [
          288,
          50,
          119,
          93,
          31,
          104,
          55,
          26,
          98,
          163,
          32,
          76,
          67
        ],
        "llm_calls": [
          14,
          0,
          4,
          1,
          0,
          2,
          0,
          1,
          0,
          3,
          7,
          0,
          1,
          0,
          0
        ]
      }
    }
  }
}